kx, ky, kz, mx_offset, my_offset, mz_offset
1.0,1.052325581395349,0.8743961352657005,-367.84000000000003,-10.639999999999986,-145.92000000000002
