kx, ky, kz, mx_offset, my_offset, mz_offset
1.4999999999999987,1.5000000000000007,1.0,489.44,424.08000000000004,-681.72
